model,rmse,mae
RandomForest,99.41232923466933,7.690055295796577
HistGradientBoosting,123.40421487980184,8.975648457140164
Naive,146.0232589968936,9.409141493678263
