precision,recall,f1,method
0.75,1.0,0.8571428571428571,zscore
0.5,1.0,0.6666666666666666,isoforest
