rmse,mae,model
99.41232923466936,7.6900552957965775,rf
123.40421487980184,8.975648457140164,gbr
146.0232589968936,9.409141493678263,naive
